<?xml version="1.0"?>
<rss version="2.0">
  <channel>
    <title>Playlist Feed</title>
    <item>
       <title>soma.fm GrooveSalad MP3 56</title>
       <link>http://somafm.com/groovesalad56.pls</link>
    </item>
    <item>
       <title>BassDrive AAC</title>
       <link>http://www.bassdrive.com/v2/streams/BassDrive3.pls</link>
    </item>
    <item>
       <title>BassDrive 128</title>
       <link>http://www.bassdrive.com/v2/streams/BassDrive.pls</link>
    </item>
    <item>
    	<title>Radio Swiss Classic</title>
    	<link>http://www.radioswissclassic.ch/live/mp3.m3u</link>
    </item>
    <item>
    	<title>Radio Swiss Jazz</title>
    	<link>http://www.radioswissjazz.ch/live/mp3.m3u</link>
    </item>
    <item>
    	<title>BBC</title>
    	<link>http://www.bbc.co.uk/radio/listen/live/r5l_aaclca.pls</link>
    </item>
  </channel>
</rss>
